{
  "accuracy": 0.968609865470852,
  "confusion_matrix": [
    [
      43,
      2,
      0,
      0,
      0
    ],
    [
      0,
      40,
      2,
      0,
      2
    ],
    [
      0,
      0,
      45,
      0,
      0
    ],
    [
      0,
      0,
      0,
      44,
      0
    ],
    [
      0,
      0,
      1,
      0,
      44
    ]
  ],
  "classification_report": {
    "acne": {
      "precision": 1.0,
      "recall": 0.9555555555555556,
      "f1-score": 0.9772727272727273,
      "support": 45.0
    },
    "eksim": {
      "precision": 0.9523809523809523,
      "recall": 0.9090909090909091,
      "f1-score": 0.9302325581395349,
      "support": 44.0
    },
    "herpes": {
      "precision": 0.9375,
      "recall": 1.0,
      "f1-score": 0.967741935483871,
      "support": 45.0
    },
    "panu": {
      "precision": 1.0,
      "recall": 1.0,
      "f1-score": 1.0,
      "support": 44.0
    },
    "rosacea": {
      "precision": 0.9565217391304348,
      "recall": 0.9777777777777777,
      "f1-score": 0.967032967032967,
      "support": 45.0
    },
    "accuracy": 0.968609865470852,
    "macro avg": {
      "precision": 0.9692805383022775,
      "recall": 0.9684848484848485,
      "f1-score": 0.9684560375858201,
      "support": 223.0
    },
    "weighted avg": {
      "precision": 0.9692185657651635,
      "recall": 0.968609865470852,
      "f1-score": 0.9684859905769952,
      "support": 223.0
    }
  },
  "precision_macro": 0.9692805383022775,
  "recall_macro": 0.9684848484848485,
  "f1_macro": 0.9684560375858201,
  "precision_weighted": 0.9692185657651635,
  "recall_weighted": 0.968609865470852,
  "f1_weighted": 0.9684859905769952,
  "roc_auc_ovr": {
    "acne": 0.9993757802746567,
    "eksim": 0.9964448958862366,
    "herpes": 0.9995006242197253,
    "panu": 1.0,
    "rosacea": 0.9995006242197253
  },
  "roc_auc_macro": 0.9989643849200688,
  "model_name": "resnet50_pretrained",
  "checkpoint": "results/models/best_resnet50_pretrained_resnet50_run.pt",
  "split": "test"
}