{
  "accuracy": 0.7399103139013453,
  "confusion_matrix": [
    [
      33,
      1,
      3,
      2,
      6
    ],
    [
      7,
      19,
      12,
      0,
      6
    ],
    [
      2,
      4,
      36,
      1,
      2
    ],
    [
      1,
      3,
      0,
      40,
      0
    ],
    [
      2,
      4,
      2,
      0,
      37
    ]
  ],
  "classification_report": {
    "acne": {
      "precision": 0.7333333333333333,
      "recall": 0.7333333333333333,
      "f1-score": 0.7333333333333333,
      "support": 45.0
    },
    "eksim": {
      "precision": 0.6129032258064516,
      "recall": 0.4318181818181818,
      "f1-score": 0.5066666666666667,
      "support": 44.0
    },
    "herpes": {
      "precision": 0.6792452830188679,
      "recall": 0.8,
      "f1-score": 0.7346938775510204,
      "support": 45.0
    },
    "panu": {
      "precision": 0.9302325581395349,
      "recall": 0.9090909090909091,
      "f1-score": 0.9195402298850575,
      "support": 44.0
    },
    "rosacea": {
      "precision": 0.7254901960784313,
      "recall": 0.8222222222222222,
      "f1-score": 0.7708333333333334,
      "support": 45.0
    },
    "accuracy": 0.7399103139013453,
    "macro avg": {
      "precision": 0.7362409192753238,
      "recall": 0.7392929292929292,
      "f1-score": 0.7330134881538822,
      "support": 223.0
    },
    "weighted avg": {
      "precision": 0.7359240854394704,
      "recall": 0.7399103139013453,
      "f1-score": 0.7331920535339542,
      "support": 223.0
    }
  },
  "precision_macro": 0.7362409192753238,
  "recall_macro": 0.7392929292929292,
  "f1_macro": 0.7330134881538822,
  "precision_weighted": 0.7359240854394704,
  "recall_weighted": 0.7399103139013453,
  "f1_weighted": 0.7331920535339542,
  "roc_auc_ovr": {
    "acne": 0.9343320848938826,
    "eksim": 0.824149314372778,
    "herpes": 0.9425717852684143,
    "panu": 0.9869222955815135,
    "rosacea": 0.9621722846441947
  },
  "roc_auc_macro": 0.9300295529521566,
  "model_name": "cnn_baseline",
  "checkpoint": "results/models/best_cnn_baseline_baseline_run.pt",
  "split": "test"
}