{
  "accuracy": 0.9730941704035875,
  "confusion_matrix": [
    [
      44,
      1,
      0,
      0,
      0
    ],
    [
      0,
      40,
      1,
      0,
      3
    ],
    [
      0,
      0,
      45,
      0,
      0
    ],
    [
      0,
      0,
      0,
      44,
      0
    ],
    [
      0,
      1,
      0,
      0,
      44
    ]
  ],
  "classification_report": {
    "acne": {
      "precision": 1.0,
      "recall": 0.9777777777777777,
      "f1-score": 0.9887640449438202,
      "support": 45.0
    },
    "eksim": {
      "precision": 0.9523809523809523,
      "recall": 0.9090909090909091,
      "f1-score": 0.9302325581395349,
      "support": 44.0
    },
    "herpes": {
      "precision": 0.9782608695652174,
      "recall": 1.0,
      "f1-score": 0.989010989010989,
      "support": 45.0
    },
    "panu": {
      "precision": 1.0,
      "recall": 1.0,
      "f1-score": 1.0,
      "support": 44.0
    },
    "rosacea": {
      "precision": 0.9361702127659575,
      "recall": 0.9777777777777777,
      "f1-score": 0.9565217391304348,
      "support": 45.0
    },
    "accuracy": 0.9730941704035875,
    "macro avg": {
      "precision": 0.9733624069424256,
      "recall": 0.972929292929293,
      "f1-score": 0.9729058662449559,
      "support": 223.0
    },
    "weighted avg": {
      "precision": 0.9733370430926671,
      "recall": 0.9730941704035875,
      "f1-score": 0.9729757280133432,
      "support": 223.0
    }
  },
  "precision_macro": 0.9733624069424256,
  "recall_macro": 0.972929292929293,
  "f1_macro": 0.9729058662449559,
  "precision_weighted": 0.9733370430926671,
  "recall_weighted": 0.9730941704035875,
  "f1_weighted": 0.9729757280133432,
  "roc_auc_ovr": {
    "acne": 1.0,
    "eksim": 0.9965718638902996,
    "herpes": 0.9995006242197253,
    "panu": 1.0,
    "rosacea": 0.9995006242197253
  },
  "roc_auc_macro": 0.9991146224659501,
  "model_name": "resnet18_pretrained",
  "checkpoint": "results/models/best_resnet18_pretrained_resnet18_run.pt",
  "split": "test"
}